<Page xmlns="http://schemas.nativescript.org/tns.xsd" navigatingTo="onNavigatingTo">
    <ActionBar title="Бронирование" />
    
    <ScrollView>
        <StackLayout class="p-4">
            <Label text="Информация о бронировании" class="text-xl font-bold mb-4" />
            
            <Label text="Дата заезда" class="font-medium" />
            <DatePicker date="{{ checkInDate }}" class="mb-4" />
            
            <Label text="Дата выезда" class="font-medium" />
            <DatePicker date="{{ checkOutDate }}" class="mb-4" />
            
            <Label text="Количество номеров" class="font-medium" />
            <TextField text="{{ roomCount }}" keyboardType="number" class="mb-4" />
            
            <Label text="Имя гостя" class="font-medium" />
            <TextField text="{{ guestName }}" class="mb-4" />
            
            <StackLayout class="mt-4">
                <Label text="{{ totalPrice }}₽" class="text-xl text-green-600 font-bold" />
                <Label text="Итоговая стоимость" class="text-gray-600" />
            </StackLayout>
            
            <Button text="Подтвердить бронирование" 
                    tap="{{ onConfirmBooking }}" 
                    class="bg-blue-500 text-white font-bold py-2 rounded-lg mt-4" />
        </StackLayout>
    </ScrollView>
</Page>