<Page xmlns="http://schemas.nativescript.org/tns.xsd" navigatingTo="onNavigatingTo">
    <ActionBar title="{{ hotel.name }}" />
    
    <ScrollView>
        <StackLayout class="p-4">
            <Image src="{{ hotel.imageUrl }}" class="w-full h-64 rounded-lg" stretch="aspectFill" />
            
            <Label text="{{ hotel.name }}" class="text-2xl font-bold mt-4" />
            <Label text="{{ hotel.address }}" class="text-gray-600" />
            
            <GridLayout columns="auto, *" class="mt-2">
                <Label text="{{ hotel.rating }}" class="text-yellow-500" />
                <Label text="★" col="1" class="text-yellow-500" />
            </GridLayout>
            
            <Label text="{{ hotel.description }}" class="mt-2 text-gray-700" textWrap="true" />
            
            <Label text="{{ hotel.price }}₽/ночь" class="text-xl text-green-600 font-bold mt-4" />
            
            <Button text="Забронировать" tap="{{ onBookTap }}" 
                    class="bg-blue-500 text-white font-bold py-2 rounded-lg mt-4" 
                    isEnabled="{{ hotel.available }}" />
        </StackLayout>
    </ScrollView>
</Page>