<Page xmlns="http://schemas.nativescript.org/tns.xsd" navigatingTo="onNavigatingTo">
    <ActionBar title="Бронирование Отелей" />
    
    <GridLayout rows="auto, *">
        <SearchBar row="0" hint="Поиск отелей..." text="{{ searchQuery }}" submit="{{ onSearch }}" 
                  class="m-2" />
        
        <ListView row="1" items="{{ hotels }}" itemTap="{{ onHotelTap }}" class="list-group">
            <ListView.itemTemplate>
                <GridLayout columns="auto, *" rows="auto, auto, auto" class="p-2 border-b border-gray-200">
                    <Image src="{{ imageUrl }}" width="80" height="80" rowSpan="3" 
                           class="rounded-lg" />
                    
                    <Label col="1" text="{{ name }}" class="text-lg font-bold ml-2" />
                    
                    <StackLayout col="1" row="1" orientation="horizontal" class="ml-2">
                        <Label text="{{ rating }}" class="text-yellow-500" />
                        <Label text="★" class="text-yellow-500" />
                    </StackLayout>
                    
                    <Label col="1" row="2" text="{{ price }} ₽/ночь" 
                           class="text-green-600 font-semibold ml-2" />
                </GridLayout>
            </ListView.itemTemplate>
        </ListView>
    </GridLayout>
</Page>